ID,X Position,Y Position,Area,Eccentricity,Hoechst_1 ,NaK_ATPase,Hoechst_2,PAX8,PanCK,CD45,Hoechst_3,Iba1,Vimentin,CD8
1,5936.515010006671,19505.23482321548,1499,0.8398916344970062,6736.040693795864,320.628418945964,9605.503002001336,129.5657104736491,581.0020013342228,106.45963975983987,10473.811207471648,163.5010006671114,123.52034689793196,106.04202801867912
2,6196.217048710601,22677.07736389685,1396,0.5773154029117625,5866.619627507163,179.46131805157594,6134.684097421204,122.75,169.50143266475644,105.30659025787966,8683.305873925501,312.615329512894,125.26361031518624,108.68767908309457
3,37050.75381903643,11394.435957696827,1702,0.4666065351136428,8241.886016451233,257.43772032902467,4858.68625146886,128.20857814336074,174.7632197414806,104.36662749706228,6849.134547591069,194.25910693302,125.70740305522914,102.31198589894242
4,30095.75526932084,12760.01112412178,1708,0.6176913464677574,10089.635831381733,253.28981264637,7071.768735362998,128.29976580796253,185.9069086651054,106.03629976580795,8947.936768149882,309.78220140515225,124.9953161592506,105.95081967213116
5,34728.02968960864,10593.85290148448,1482,0.5274033096408989,25663.173414304994,513.7503373819163,14967.894736842103,177.14912280701753,720.7914979757085,106.84480431848851,22063.045209176787,207.7004048582996,132.88191632928476,104.77125506072876
